{"cameraMode":{"drawMode":0,"name":"Shaded","section":"Shading Mode"},"sceneLighting":true,"audioPlay":false,"sceneViewState":{"showFog":true,"showMaterialUpdate":false,"showSkybox":true,"showFlares":true,"showImageEffects":true,"showParticleSystems":true},"in2DMode":false,"pivot":{"x":-0.7961239814758301,"y":1.3648074865341187,"z":-8.820856094360352},"rotation":{"x":-0.020998159423470498,"y":-0.004499018657952547,"z":-0.00009447772026760504,"w":0.999769389629364},"size":3.7806789875030519,"orthographic":false}